{
  "levels": [
    {
      "inputs": [
        0.8576572919330999, 0.8624752512923037, 0.5429492135317373,
        0.5648543110005697, 0.5336350742245165, 0.541028149529124,
        0.4631331124397612, 0.19791503509005992, 0, 0, 0.6132576720039576,
        0.4738888929095384, 0.5477312510372783, 0.5382235553292656,
        0.5715221969386841
      ],
      "outputs": [1, 1, 1, 0, 0, 0, 1, 0, 1, 0],
      "biases": [
        0.40073753856908034, -0.26312869917431936, -0.8450181495406213,
        0.8387529019813944, 0.9369192266847906, 0.3820280249601127,
        -0.5579553846092429, 0.5630066994435632, -0.7468607864472339,
        0.28394396247480147
      ],
      "weights": [
        [
          -0.6492040689318852, -0.9465077205314687, 0.16837114067695547,
          -0.9584983381414802, -0.6611428897699447, 0.29976809798467174,
          -0.17369940432730857, -0.32694015490303885, 0.7361602502370039,
          -0.4482307892877868
        ],
        [
          0.8620020065444707, 0.34864402221230106, -0.5755781041039065,
          0.16333605172743448, 0.17967133621436737, -0.4134434973711367,
          0.8775096365475612, 0.721118307715011, 0.0976935928867122,
          -0.35560941442986715
        ],
        [
          -0.7246108075860063, -0.18761704236195742, 0.4515249701522963,
          -0.05316337288914985, 0.3256002453536553, 0.2621434787914594,
          -0.5414611822278004, -0.5887809548364333, 0.8428261037408324,
          0.8636141287058394
        ],
        [
          0.15176787043472517, -0.9399668031515289, -0.26347665999440784,
          -0.5749370013324246, -0.9563049248175228, -0.6195723979672896,
          0.6823641978616237, -0.8727898675189194, 0.13544734408030523,
          -0.058522945633113554
        ],
        [
          0.7409997499104257, 0.3739430993092663, 0.5745014478932493,
          0.44479772330327805, -0.27966065954277, -0.7020297618850564,
          0.019200794758506223, 0.8113624680446341, -0.6219920720100114,
          -0.9199986778940921
        ],
        [
          -0.48156154899416226, -0.4245820028949736, -0.22447361727592208,
          0.9862484530250422, 0.576249916789739, 0.40313113145469615,
          0.3551184750976266, 0.3871280396130974, -0.8969971967496733,
          0.9890392443442644
        ],
        [
          0.689524214677605, 0.7543529927068278, 0.8136488952779661,
          -0.5171553591250109, 0.7642808446976423, 0.044305169684015766,
          0.10315511496496388, -0.8438703758731774, 0.45813778454676113,
          0.24385600391071538
        ],
        [
          0.9907078401793039, -0.9104649028268201, 0.6289379943448514,
          0.8384051775950807, -0.47236169097440905, -0.7790730701581836,
          -0.3956453627119694, 0.2483751315985825, -0.2852445748401671,
          0.48838483747698813
        ],
        [
          -0.6693194362535357, 0.465249344116633, -0.49927525056044963,
          0.8033197198879818, -0.7343157485403853, 0.6017077060769118,
          0.3005440919568829, -0.7422239077204225, 0.5599518429161177,
          0.4660180480724305
        ],
        [
          0.290069543910187, 0.31503122190945065, 0.9326407854198027,
          -0.12755651714494798, 0.3571818372750144, -0.3899603970285428,
          0.7906167568852811, 0.3276684310638802, 0.3480834665760639,
          0.505412047545645
        ],
        [
          -0.6988314886687172, 0.594713011880605, 0.9079551982164773,
          0.8856181590367358, 0.9645099622176025, -0.5272814718303045,
          -0.8348365250732606, -0.5035073550711902, -0.41199770391273116,
          -0.20058630163224622
        ],
        [
          0.2837592449603701, 0.9893336551550544, -0.6598204634643388,
          -0.04499967481971767, -0.9725305268574695, 0.28903147324914746,
          0.4828915844766857, 0.7200252461201826, -0.7347123026177091,
          -0.7625630165236976
        ],
        [
          0.7312907893586851, -0.9674010799975541, -0.860437683369625,
          -0.13869512471808232, 0.5516700088017212, 0.8065553453025625,
          -0.6647512807636948, -0.8979151837806696, 0.46303334528348206,
          -0.019287396389385147
        ],
        [
          -0.38926278712618867, 0.7317817043522523, -0.34041362263547104,
          -0.3884983588805375, -0.4369043538046409, -0.3923315297643555,
          -0.9421794389009963, 0.40782117714798316, 0.45976639683124754,
          0.5072800647624427
        ],
        [
          0.558328804793772, 0.13512077072840878, 0.04057450876761637,
          -0.19495857931277616, 0.1412249656051845, 0.035725222474614515,
          0.509901009286875, 0.5282906352438004, -0.13035764028937358,
          0.6523650878210008
        ]
      ]
    },
    {
      "inputs": [1, 1, 1, 0, 0, 0, 1, 0, 1, 0],
      "outputs": [0, 1, 1, 0, 1, 1, 1, 0],
      "biases": [
        0.23786243460376388, 0.23338584794854933, -0.4437820272288544,
        0.43437944115571714, -0.9179370457607967, 0.44516492438475064,
        0.5990771044342305, 0.5026249177885447
      ],
      "weights": [
        [
          0.03125596069337222, 0.33082879521312947, 0.3087383600504978,
          0.9217216895444151, -0.8545207373045205, -0.31214338594069035,
          0.8308047361327606, 0.03266649548577405
        ],
        [
          0.17206072108649195, 0.8470473273354928, -0.47235578867555095,
          0.2797358149397047, -0.2259975640725802, 0.5168957737810929,
          0.981873121656279, -0.4203810061816231
        ],
        [
          -0.18893696624514078, -0.7404217600347969, -0.878166845587939,
          0.2657617448332239, -0.057994167263320406, 0.2916191814163809,
          -0.9071400555445708, -0.3236253334827386
        ],
        [
          0.8936754903497737, 0.9800749658745409, -0.8506796098808369,
          0.618636162256649, 0.3264464046625153, 0.5874225328120226,
          -0.3366214725467591, -0.4756739467687021
        ],
        [
          0.5388090191525179, -0.0026412082239040124, -0.16458444139979278,
          -0.25404780149710193, -0.32214250851514015, -0.05539359027334756,
          -0.31454599503115555, 0.3293439200635735
        ],
        [
          -0.985985282516582, -0.5589533861760838, 0.8660046676165738,
          0.25425659692739133, 0.8062183050216314, 0.09850902402288542,
          0.8725079335553434, 0.20496105499385608
        ],
        [
          -0.6456603177020295, 0.1927822081284578, 0.3165743625279167,
          -0.9217299873260436, 0.2986156984410542, 0.8887628000207846,
          0.7312668658632386, -0.40709771985366006
        ],
        [
          -0.7276647792688551, 0.4647631219221262, 0.4060156739965972,
          -0.3564087498080091, -0.26989323187008196, -0.7698275871685434,
          0.45014118553241156, -0.7298916517946665
        ],
        [
          0.024868510788923714, 0.3211288532715715, 0.5022060670761554,
          -0.3900062672074247, 0.3143284678504146, 0.6718736177432922,
          -0.7802685779605523, -0.43878780487845415
        ],
        [
          0.48681662012600624, 0.8575213144320353, 0.37023901654390423,
          -0.17135067964521555, -0.4402254793531024, -0.3366383375887181,
          0.3839494310484639, -0.6113293513591733
        ]
      ]
    },
    {
      "inputs": [0, 1, 1, 0, 1, 1, 1, 0],
      "outputs": [0, 0, 1, 0],
      "biases": [
        0.43240182395273496, 0.009914753420101619, -0.36795344298686716,
        -0.27209936404793345
      ],